{
"input_si_sdr": 8.996493339538574,
"input_sdr": 8.997150719138178,
"input_sir": Infinity,
"input_sar": 8.997150719138178,
"input_stoi": 0.9792301406348115,
"input_pesq": 2.191603422164917,
"si_sdr": 15.094856262207031,
"sdr": 15.630935218135054,
"sir": Infinity,
"sar": 15.630935218135054,
"stoi": 0.9892828421780289,
"pesq": 3.0535056591033936,
"noisy_path": "/hpc_stor03/sjtu_home/zixiang.wang/DNS-Challenge-master/datasets/no_reverb/noisy/clnsp393_chair_400385_0_snr9_tl-31_fileid_220.wav",
"clean_path": "/hpc_stor03/sjtu_home/zixiang.wang/DNS-Challenge-master/datasets/no_reverb/clean/clean_fileid_220.wav"
}