{
"input_si_sdr": 3.0019876956939697,
"input_sdr": 3.073377402679344,
"input_sir": Infinity,
"input_sar": 3.073377402679344,
"input_stoi": 0.9278723736345487,
"input_pesq": 1.4101684093475342,
"si_sdr": 3.606220245361328,
"sdr": 3.714464641329446,
"sir": Infinity,
"sar": 3.714464641329446,
"stoi": 0.8717340086604544,
"pesq": 1.6156747341156006,
"noisy_path": "/hpc_stor03/sjtu_home/zixiang.wang/DNS-Challenge-master/datasets/no_reverb/noisy/clnsp609_breath_336530_2_snr3_tl-30_fileid_5.wav",
"clean_path": "/hpc_stor03/sjtu_home/zixiang.wang/DNS-Challenge-master/datasets/no_reverb/clean/clean_fileid_5.wav"
}