{
"input_si_sdr": 8.064859390258789,
"input_sdr": 8.078565191095702,
"input_sir": Infinity,
"input_sar": 8.078565191095702,
"input_stoi": 0.8872714043206062,
"input_pesq": 1.3253898620605469,
"si_sdr": 6.042943000793457,
"sdr": 6.684881284582575,
"sir": Infinity,
"sar": 6.684881284582575,
"stoi": 0.8716004116263663,
"pesq": 1.3758544921875,
"noisy_path": "/hpc_stor03/sjtu_home/zixiang.wang/DNS-Challenge-master/datasets/no_reverb/noisy/clnsp470_8TQfuL-u2rA_snr8_tl-21_fileid_142.wav",
"clean_path": "/hpc_stor03/sjtu_home/zixiang.wang/DNS-Challenge-master/datasets/no_reverb/clean/clean_fileid_142.wav"
}