{
"input_si_sdr": 2.9979469776153564,
"input_sdr": 3.0465724537983583,
"input_sir": Infinity,
"input_sar": 3.0465724537983583,
"input_stoi": 0.9653785852784391,
"input_pesq": 1.3486902713775635,
"si_sdr": 32.74395751953125,
"sdr": 33.9363568999654,
"sir": Infinity,
"sar": 33.9363568999654,
"stoi": 0.9954261473791164,
"pesq": 4.397921085357666,
"noisy_path": "/hpc_stor03/sjtu_home/zixiang.wang/DNS-Challenge-master/datasets/no_reverb/noisy/clnsp610_11vO87xkSo8_snr3_tl-29_fileid_112.wav",
"clean_path": "/hpc_stor03/sjtu_home/zixiang.wang/DNS-Challenge-master/datasets/no_reverb/clean/clean_fileid_112.wav"
}