{
"si_sdr": 14.87751140276591,
"si_sdr_imp": 5.647974856289414,
"sdr": 14.941866142469722,
"sdr_imp": 5.851227281623116,
"sir": Infinity,
"sir_imp": NaN,
"sar": 14.941866142469722,
"sar_imp": 5.851227281623116,
"stoi": 0.9478654744397238,
"stoi_imp": 0.032680061629023635,
"pesq": 2.2612047028541564,
"pesq_imp": 0.6789658912022909
}