{
"input_si_sdr": 6.003925323486328,
"input_sdr": 6.0110416840005465,
"input_sir": Infinity,
"input_sar": 6.0110416840005465,
"input_stoi": 0.9619034004036765,
"input_pesq": 1.746902346611023,
"si_sdr": 6.728825092315674,
"sdr": 6.75120373132236,
"sir": Infinity,
"sar": 6.75120373132236,
"stoi": 0.9673725336305248,
"pesq": 2.528515338897705,
"noisy_path": "/hpc_stor03/sjtu_home/zixiang.wang/DNS-Challenge-master/datasets/no_reverb/noisy/clnsp517_wind_112296_1_snr6_tl-30_fileid_165.wav",
"clean_path": "/hpc_stor03/sjtu_home/zixiang.wang/DNS-Challenge-master/datasets/no_reverb/clean/clean_fileid_165.wav"
}