{
"input_si_sdr": 4.485720634460449,
"input_sdr": 3.1239812134487908,
"input_sir": Infinity,
"input_sar": 3.1239812134487908,
"input_stoi": 0.8206729745491035,
"input_pesq": 1.1709582805633545,
"si_sdr": 8.664924621582031,
"sdr": 5.713023068929713,
"sir": Infinity,
"sar": 5.713023068929713,
"stoi": 0.9049971122697518,
"pesq": 1.6955081224441528,
"noisy_path": "/hpc_stor03/sjtu_home/zixiang.wang/DNS-Challenge-master/datasets/no_reverb/noisy/clnsp263_uOZZEV1IcDI-copy_machine_426874_7_snr3_tl-31_fileid_290.wav",
"clean_path": "/hpc_stor03/sjtu_home/zixiang.wang/DNS-Challenge-master/datasets/no_reverb/clean/clean_fileid_290.wav"
}