epoch,hp_metric,loss,step
,9.534192085266113,,0
0,,-0.12355947494506836,49
